timestamp,layer,error_type,severity,description,probable_cause,suggested_action
2026-06-03 14:00:01,Application Layer,Null Pointer Exception,High,Application crashed while accessing user profile object,User object returned null from service layer,Add null checks and validate service response
2026-06-03 14:00:15,Application Layer,Validation Error,Medium,Required field email is missing in request body,Client sent incomplete request payload,Validate request body before processing
2026-06-03 14:00:30,Application Layer,Runtime Exception,High,Unhandled runtime exception occurred during order creation,Unexpected application state or missing business rule,Check stack trace and add exception handling
2026-06-03 14:00:45,Application Layer,Business Logic Error,Medium,Order total calculation returned negative value,Discount calculation logic is incorrect,Review pricing and discount calculation rules
2026-06-03 14:01:00,Application Layer,Serialization Error,Medium,Failed to serialize response object to JSON,Circular reference or unsupported object type,Fix DTO mapping and serialization configuration
2026-06-03 14:01:15,Application Layer,Deserialization Error,Medium,Invalid JSON format received in request payload,Malformed client request body,Return proper validation response to client
2026-06-03 14:01:30,Application Layer,Authentication Failed,High,Invalid JWT token signature detected,Expired or tampered authentication token,Reject request and force user re-authentication
2026-06-03 14:01:45,Application Layer,Authorization Error,High,User attempted to access restricted admin endpoint,User role does not have required permission,Check role-based access control rules
2026-06-03 14:02:00,Application Layer,Rate Limit Exceeded,Medium,Too many requests received from same IP address,Client or bot is sending excessive requests,Throttle requests and monitor IP activity
2026-06-03 14:02:15,Application Layer,Background Job Error,Medium,Scheduled email notification job failed unexpectedly,Queue worker crashed or email provider unavailable,Restart worker and inspect job failure logs
2026-06-03 14:03:01,Database Layer,Database Connection Timeout,High,Application failed to connect to PostgreSQL within 30 seconds,Database server overloaded or unreachable,Check database health and connection pool settings
2026-06-03 14:03:15,Database Layer,Deadlock Detected,High,Transaction was aborted due to deadlock between two queries,Concurrent updates locked same database rows,Review transaction order and locking strategy
2026-06-03 14:03:30,Database Layer,Slow Query,Medium,Product search query took 12 seconds to complete,Missing index or inefficient query plan,Analyze query plan and add proper indexes
2026-06-03 14:03:45,Database Layer,Duplicate Key Error,Medium,Insert failed because email already exists in users table,Unique constraint violation,Check duplicate records before insert operation
2026-06-03 14:04:00,Database Layer,Connection Pool Exhausted,High,No available database connections in connection pool,Too many active requests or connections not released,Increase pool size and close unused connections
2026-06-03 14:04:15,Database Layer,Transaction Rollback,Medium,Payment transaction rolled back unexpectedly,One operation inside transaction failed,Inspect failed query and improve transaction handling
2026-06-03 14:04:30,Database Layer,Foreign Key Constraint Error,Medium,Cannot delete user because related orders exist,Referenced child records prevent deletion,Use cascade rules or soft delete strategy
2026-06-03 14:04:45,Database Layer,Database Disk Full,Critical,Database cannot write new records because disk is full,Database storage volume reached capacity,Free disk space or increase storage volume
2026-06-03 14:05:00,Database Layer,Migration Failed,High,Database migration failed while adding new column,Schema change conflict or invalid migration script,Rollback migration and fix schema script
2026-06-03 14:05:15,Database Layer,Replication Lag,Medium,Read replica is 45 seconds behind primary database,High write load or network delay between replicas,Monitor replication and reduce replica dependency
2026-06-03 14:06:01,Network Layer,DNS Resolution Failed,High,Service could not resolve api.payment-provider.com,DNS server unavailable or wrong domain configuration,Check DNS configuration and provider status
2026-06-03 14:06:15,Network Layer,Connection Refused,High,Application failed to connect to internal auth service,Target service is down or port is closed,Verify service status and exposed ports
2026-06-03 14:06:30,Network Layer,Gateway Timeout,High,Request failed with 504 Gateway Timeout,Upstream service did not respond in time,Check upstream latency and timeout configuration
2026-06-03 14:06:45,Network Layer,Packet Loss,Medium,High packet loss detected between application and database server,Network instability or overloaded route,Inspect network path and infrastructure metrics
2026-06-03 14:07:00,Network Layer,TLS Handshake Failed,High,Secure connection failed during TLS handshake,Expired certificate or protocol mismatch,Renew certificate and verify TLS settings
2026-06-03 14:07:15,Network Layer,Connection Reset,Medium,Connection was reset by peer during API request,Remote service closed connection unexpectedly,Retry request and inspect remote service logs
2026-06-03 14:07:30,Network Layer,High Latency,Medium,Average API response latency increased above 2000ms,Network congestion or slow upstream dependency,Monitor latency and check upstream services
2026-06-03 14:07:45,Network Layer,Load Balancer Error,High,Load balancer returned 502 Bad Gateway,Backend target is unhealthy or unreachable,Check target health and load balancer configuration
2026-06-03 14:08:00,Network Layer,Port Unreachable,High,Application cannot reach service on port 6379,Firewall rule or service port misconfiguration,Verify firewall rules and service binding
2026-06-03 14:08:15,Network Layer,Webhook Delivery Timeout,Medium,Webhook delivery to client endpoint timed out,Client endpoint is slow or unavailable,Retry webhook and notify client about timeout
2026-06-03 14:09:01,Infrastructure Layer,Disk Full,Critical,Server disk usage reached 99 percent,Logs or database files consumed storage,Clean old logs and expand disk capacity
2026-06-03 14:09:15,Infrastructure Layer,High CPU Usage,High,CPU usage stayed above 95 percent for 10 minutes,Heavy traffic or inefficient process consuming CPU,Identify top processes and scale service
2026-06-03 14:09:30,Infrastructure Layer,Out of Memory,Critical,Operating system killed application process due to memory exhaustion,Memory leak or insufficient RAM,Analyze memory usage and increase memory limit
2026-06-03 14:09:45,Infrastructure Layer,File Permission Denied,Medium,Application failed to write uploaded file to storage directory,Incorrect file or folder permissions,Fix ownership and write permissions
2026-06-03 14:10:00,Infrastructure Layer,Container Restart Loop,High,Docker container restarted repeatedly within short period,Application crash or invalid container configuration,Inspect container logs and health checks
2026-06-03 14:10:15,Infrastructure Layer,Node Not Ready,High,Kubernetes node entered NotReady state,Node resource pressure or kubelet failure,Check node health and kubelet logs
2026-06-03 14:10:30,Infrastructure Layer,Health Check Failed,High,Service failed readiness probe three times,Application is not ready to receive traffic,Inspect readiness endpoint and startup process
2026-06-03 14:10:45,Infrastructure Layer,Log Rotation Failed,Medium,Log files continued growing without rotation,Logrotate misconfiguration or missing cron job,Fix log rotation policy
2026-06-03 14:11:00,Infrastructure Layer,Service Crash,High,Systemd service stopped unexpectedly with exit code 1,Application runtime error or missing environment variable,Check service logs and environment config
2026-06-03 14:11:15,Infrastructure Layer,Backup Failed,High,Daily server backup failed due to storage error,Backup destination unavailable or full,Verify backup storage and rerun backup job
2026-06-03 14:12:01,Security Layer,Unauthorized Access,High,User attempted to access admin panel without permission,Privilege escalation attempt or wrong role assignment,Block request and audit user permissions
2026-06-03 14:12:15,Security Layer,Invalid JWT Token,High,Request contained expired or invalid JWT token,Token expired or token was modified,Reject request and require login again
2026-06-03 14:12:30,Security Layer,Brute Force Attempt,Critical,Multiple failed login attempts detected from same IP address,Automated password guessing attack,Temporarily block IP and enable rate limiting
2026-06-03 14:12:45,Security Layer,Suspicious IP Activity,High,Unusual request pattern detected from foreign IP address,Possible bot or malicious scanner,Flag IP and monitor request behavior
2026-06-03 14:13:00,Security Layer,SQL Injection Attempt,Critical,Request contained suspicious SQL keywords in input field,Malicious user attempted SQL injection,Sanitize input and block request
2026-06-03 14:13:15,Security Layer,XSS Attempt,High,Request payload contained script tag in comment field,Malicious user attempted cross-site scripting,Escape user input and reject payload
2026-06-03 14:13:30,Security Layer,CSRF Token Missing,Medium,POST request rejected because CSRF token was missing,Client did not include CSRF protection token,Require valid CSRF token for state-changing requests
2026-06-03 14:13:45,Security Layer,Privilege Escalation Attempt,Critical,Normal user tried to modify admin-only resource,User attempted unauthorized privilege escalation,Block action and trigger security alert
2026-06-03 14:14:00,Security Layer,API Key Leak,High,API key was detected in public request logs,Secret key exposed accidentally,Rotate API key and remove secret from logs
2026-06-03 14:14:15,Security Layer,Malware Upload Attempt,Critical,Uploaded file matched known malware signature,User attempted to upload malicious file,Reject file and quarantine upload
2026-06-03 14:15:01,Cache Layer,Redis Connection Failed,High,Application failed to connect to Redis cache server,Redis service down or network issue,Check Redis status and connection settings
2026-06-03 14:15:15,Cache Layer,Cache Miss Spike,Medium,Cache miss rate increased above 80 percent,Cache keys expired or invalidation issue occurred,Review cache TTL and invalidation policy
2026-06-03 14:15:30,Cache Layer,Stale Cache Data,Medium,Users received outdated product price from cache,Cache was not invalidated after database update,Invalidate cache after write operations
2026-06-03 14:15:45,Cache Layer,Cache Invalidation Failed,High,Cache invalidation job failed after product update,Background worker error or Redis command failure,Retry invalidation and inspect worker logs
2026-06-03 14:16:00,Cache Layer,Redis Memory Full,High,Redis rejected new keys because memory limit was reached,Cache size exceeded maxmemory configuration,Increase memory or adjust eviction policy
2026-06-03 14:16:15,Cache Layer,Cache Stampede,High,Many requests rebuilt same expired cache key simultaneously,Popular cache key expired under high traffic,Use locking or stale-while-revalidate strategy
2026-06-03 14:16:30,Cache Layer,Serialization Error,Medium,Failed to deserialize cached session object,Application version changed cached object format,Clear incompatible cache entries
2026-06-03 14:16:45,Cache Layer,Redis Timeout,High,Redis command timed out after 5 seconds,Redis overloaded or network latency increased,Check Redis latency and command usage
2026-06-03 14:17:00,Cache Layer,Wrong Cache Key,Medium,User received another user's cached profile data,Cache key missing user-specific identifier,Fix cache key generation strategy
2026-06-03 14:17:15,Cache Layer,Session Cache Lost,High,User sessions disappeared after Redis restart,Redis persistence disabled or cache restart occurred,Enable persistence or use durable session storage
2026-06-03 14:18:01,External Service Layer,Payment API Timeout,High,Payment provider did not respond within timeout period,External payment service is slow or unavailable,Retry request and check provider status page
2026-06-03 14:18:15,External Service Layer,Email Service Failed,Medium,Password reset email could not be sent,SMTP provider rejected request or service is down,Check email provider logs and retry sending
2026-06-03 14:18:30,External Service Layer,Third-party API 502,High,External shipping API returned 502 Bad Gateway,Third-party provider backend failure,Fallback to retry queue and notify operations team
2026-06-03 14:18:45,External Service Layer,Webhook Delivery Failed,Medium,Webhook delivery failed after three retry attempts,Receiver endpoint unavailable or returned error,Store failed webhook and retry later
2026-06-03 14:19:00,External Service Layer,Rate Limit From Provider,Medium,External API returned 429 Too Many Requests,Application exceeded provider request quota,Backoff requests and review API usage limits
2026-06-03 14:19:15,External Service Layer,Invalid API Credentials,High,External service rejected request due to invalid credentials,API key expired or wrong secret configured,Rotate credentials and update environment variables
2026-06-03 14:19:30,External Service Layer,Unexpected Response Format,Medium,Third-party API returned response schema different than expected,Provider changed API response structure,Update integration parser and add schema validation
2026-06-03 14:19:45,External Service Layer,File Storage Upload Failed,High,Upload to cloud storage failed during invoice generation,Cloud storage service unavailable or permission issue,Check storage permissions and retry upload
2026-06-03 14:20:00,External Service Layer,SMS Provider Failure,Medium,Verification SMS could not be delivered,SMS gateway rejected or delayed message,Retry SMS or use alternative provider
2026-06-03 14:20:15,External Service Layer,OAuth Provider Error,High,Google OAuth login failed with invalid callback response,OAuth provider issue or callback URL mismatch,Verify OAuth configuration and callback URL
2026-06-04 10:00:01,Application Layer,Unhandled Promise Rejection,High,Async request failed without proper error handling,Missing try catch block in async application flow,Add centralized async error handling and logging
2026-06-04 10:00:15,Application Layer,Index Out Of Bounds,Medium,Application tried to access list item outside valid range,Invalid array index generated by business logic,Validate collection size before accessing index
2026-06-04 10:00:30,Application Layer,Missing Environment Variable,High,Application failed to start because required environment variable was missing,Runtime configuration is incomplete,Check environment variables and deployment configuration
2026-06-04 10:00:45,Application Layer,Invalid Request Payload,Medium,API received unsupported payload structure from client,Frontend and backend request contract mismatch,Update request validation and API contract documentation
2026-06-04 10:01:00,Application Layer,Template Rendering Failure,Medium,Server failed while rendering dynamic page template,Template variable is missing or malformed,Check template context and fallback values
2026-06-04 10:01:15,Application Layer,Dependency Injection Error,High,Application failed to initialize required service dependency,Service bean or dependency configuration is missing,Review application startup configuration
2026-06-04 10:01:30,Application Layer,File Processing Error,Medium,Application failed while parsing uploaded CSV file,Uploaded file format is invalid or parser configuration is wrong,Validate file format before processing
2026-06-04 10:01:45,Application Layer,Session Expired,Medium,User session expired during checkout operation,Session lifetime is too short or session storage failed,Review session timeout and refresh flow
2026-06-04 10:02:00,Application Layer,Invalid State Transition,Medium,Order status could not move from cancelled to shipped,Business workflow transition rule was violated,Enforce valid state transition rules
2026-06-04 10:02:15,Application Layer,API Version Mismatch,Medium,Client called deprecated API version during profile update,Frontend version is incompatible with backend API,Maintain backward compatibility or update client
2026-06-04 10:02:30,Application Layer,Request Body Too Large,Medium,API rejected request because payload exceeded allowed size,Client uploaded data larger than configured limit,Increase body limit or enforce file size validation
2026-06-04 10:02:45,Application Layer,Feature Flag Error,Medium,Application enabled unfinished feature for production users,Feature flag configuration is incorrect,Review feature flag rollout rules
2026-06-04 10:03:00,Application Layer,Email Template Error,Medium,Notification failed because email template could not be loaded,Template file missing in deployment package,Verify packaged templates and deployment artifact
2026-06-04 10:03:15,Application Layer,Invalid Date Format,Low,Application rejected request due to unsupported date format,Client sent date value in unexpected format,Normalize date parsing and validation rules
2026-06-04 10:03:30,Application Layer,Unhandled Checkout Exception,High,Checkout flow crashed before payment confirmation,Application exception occurred inside checkout service,Inspect stack trace and add transaction safe handling

2026-06-04 10:04:01,Database Layer,Query Timeout,High,Database query exceeded configured timeout during report generation,Report query scans too many rows,Optimize query and add required indexes
2026-06-04 10:04:15,Database Layer,Lock Wait Timeout,High,Transaction waited too long for locked database row,Long running transaction is blocking writes,Identify blocking transaction and tune isolation
2026-06-04 10:04:30,Database Layer,Missing Index,Medium,User lookup query became slow after traffic increase,Frequent query does not use an index,Create index for commonly filtered columns
2026-06-04 10:04:45,Database Layer,Invalid Migration Order,High,Application started with database schema mismatch,Migration scripts ran in wrong order,Fix migration sequence and reapply schema changes
2026-06-04 10:05:00,Database Layer,Read Replica Unavailable,High,Application failed to read from database replica,Replica node is down or unreachable,Fail over to primary database and inspect replica health
2026-06-04 10:05:15,Database Layer,Too Many Connections,High,Database rejected connection because maximum connections reached,Application opened too many concurrent connections,Tune connection pool and close idle connections
2026-06-04 10:05:30,Database Layer,Data Type Mismatch,Medium,Insert failed because column expected integer value,Application sent wrong data type to database,Validate data types before database insert
2026-06-04 10:05:45,Database Layer,Unique Constraint Violation,Medium,Registration failed because username already exists,Duplicate unique field submitted by user,Check uniqueness before creating record
2026-06-04 10:06:00,Database Layer,Database Authentication Failed,High,Application could not authenticate to database,Database username or password is invalid,Verify database credentials and secrets
2026-06-04 10:06:15,Database Layer,Table Not Found,High,Application query failed because required table does not exist,Database migration missing or schema not initialized,Run migrations and verify schema
2026-06-04 10:06:30,Database Layer,Corrupted Index,High,Database index corruption detected during query execution,Index file is corrupted or storage issue occurred,Rebuild affected index and check disk health
2026-06-04 10:06:45,Database Layer,Backup Restore Failed,High,Database restore operation failed during recovery,Backup file is damaged or incompatible,Validate backup integrity and retry restore
2026-06-04 10:07:00,Database Layer,Connection Leak,High,Database connections increased without being released,Application does not close database connections,Inspect connection lifecycle and add proper cleanup
2026-06-04 10:07:15,Database Layer,Transaction Isolation Issue,Medium,User saw inconsistent order status after update,Transaction isolation level allowed stale read,Review transaction isolation and locking strategy
2026-06-04 10:07:30,Database Layer,Write Failure,High,Database failed to persist new payment record,Storage issue or database node failure occurred,Check database logs and storage health

2026-06-04 10:08:01,Network Layer,Service Discovery Failed,High,Application could not discover internal inventory service,Service registry returned no healthy instance,Check service registry and target service health
2026-06-04 10:08:15,Network Layer,Reverse Proxy Error,High,Nginx returned 502 while forwarding request to backend,Backend service is unavailable or upstream config is wrong,Check reverse proxy upstream settings
2026-06-04 10:08:30,Network Layer,Firewall Blocked Connection,High,Application could not reach database port from API server,Firewall rule blocks required traffic,Update firewall rules and verify allowed ports
2026-06-04 10:08:45,Network Layer,SSL Certificate Expired,High,HTTPS request failed because certificate expired,TLS certificate validity period ended,Renew certificate and reload proxy service
2026-06-04 10:09:00,Network Layer,Proxy Timeout,High,Proxy closed request before upstream response completed,Proxy timeout is lower than backend processing time,Increase proxy timeout or optimize backend response
2026-06-04 10:09:15,Network Layer,Connection Pool Timeout,Medium,HTTP client could not get available connection from pool,Too many outgoing requests exhausted network client pool,Increase client pool size and tune retries
2026-06-04 10:09:30,Network Layer,Internal DNS Misconfiguration,High,Internal service hostname resolved to wrong IP address,DNS record points to incorrect service instance,Fix internal DNS record
2026-06-04 10:09:45,Network Layer,Upstream Unreachable,High,API gateway could not reach upstream recommendation service,Upstream service is offline or network route is broken,Check upstream health and routing rules
2026-06-04 10:10:00,Network Layer,Intermittent Connectivity,Medium,Requests randomly failed between application and cache server,Network route is unstable or packet loss exists,Inspect network metrics and route stability
2026-06-04 10:10:15,Network Layer,Load Balancer Target Unhealthy,High,Load balancer removed all backend targets from rotation,Health checks failed on all service instances,Inspect application health endpoint and target group
2026-06-04 10:10:30,Network Layer,MTU Mismatch,Medium,Large requests failed while small requests succeeded,Network MTU configuration mismatch caused fragmentation,Check MTU settings across network path
2026-06-04 10:10:45,Network Layer,IPv6 Routing Failure,Medium,Service failed only for IPv6 clients,IPv6 route or DNS AAAA record is misconfigured,Validate IPv6 routing and DNS records
2026-06-04 10:11:00,Network Layer,API Gateway Rate Limit,Medium,Gateway rejected requests after threshold was exceeded,Client traffic exceeded gateway rate policy,Adjust rate limits or reduce client request volume
2026-06-04 10:11:15,Network Layer,Connection Timeout,High,Internal API call timed out after waiting for response,Target service is slow or network latency is high,Check target latency and timeout settings
2026-06-04 10:11:30,Network Layer,Name Resolution Timeout,High,DNS query timed out while resolving internal service name,DNS resolver is overloaded or unreachable,Check DNS resolver health and caching

2026-06-04 10:12:01,Infrastructure Layer,Kubernetes Pod CrashLoopBackOff,High,Pod restarted repeatedly after deployment,Container process exits due to configuration or runtime error,Inspect pod logs and deployment environment
2026-06-04 10:12:15,Infrastructure Layer,Memory Limit Exceeded,Critical,Container was killed because it exceeded memory limit,Application memory usage exceeded container limit,Increase memory limit or fix memory leak
2026-06-04 10:12:30,Infrastructure Layer,CPU Throttling,Medium,Container response time increased due to CPU throttling,CPU limit is too low for current workload,Review CPU limits and scale replicas
2026-06-04 10:12:45,Infrastructure Layer,Volume Mount Failed,High,Application pod failed because storage volume could not mount,Storage volume missing or permission issue occurred,Check volume configuration and storage class
2026-06-04 10:13:00,Infrastructure Layer,Environment Secret Missing,High,Service failed to start because secret file was not mounted,Deployment secret reference is missing,Create required secret and redeploy service
2026-06-04 10:13:15,Infrastructure Layer,Container Image Pull Failed,High,Kubernetes could not pull application container image,Image tag missing or registry authentication failed,Verify image tag and registry credentials
2026-06-04 10:13:30,Infrastructure Layer,Host Disk Pressure,Critical,Node reported disk pressure and evicted pods,Node disk usage exceeded safe threshold,Clean unused images and expand node storage
2026-06-04 10:13:45,Infrastructure Layer,Process Zombie Growth,Medium,Server accumulated many zombie processes,Parent process failed to reap child processes,Inspect process lifecycle and restart service
2026-06-04 10:14:00,Infrastructure Layer,Cron Job Failed,Medium,Scheduled cleanup job did not run as expected,Cron expression or job permissions are wrong,Check scheduler logs and job permissions
2026-06-04 10:14:15,Infrastructure Layer,System Time Drift,Medium,Authentication requests failed due to server time mismatch,NTP synchronization failed on server,Fix time synchronization service
2026-06-04 10:14:30,Infrastructure Layer,Deployment Rollout Failed,High,New application version failed to become ready,Readiness probe failed after deployment,Rollback deployment and inspect readiness logs
2026-06-04 10:14:45,Infrastructure Layer,Autoscaling Failed,High,Service did not scale despite high traffic,Autoscaler metrics unavailable or policy misconfigured,Check autoscaler metrics and scaling policy
2026-06-04 10:15:00,Infrastructure Layer,Log Storage Exhausted,High,Central log volume reached capacity and stopped accepting logs,Log retention policy is too long or volume is too small,Reduce retention or expand log storage
2026-06-04 10:15:15,Infrastructure Layer,Permission Denied On Startup,High,Application process failed because startup script lacked execution permission,Container file permissions are incorrect,Fix Dockerfile permissions and rebuild image
2026-06-04 10:15:30,Infrastructure Layer,Health Probe Timeout,High,Container readiness probe timed out repeatedly,Application startup is slow or endpoint is blocked,Tune probe timing and inspect startup logs

2026-06-04 10:16:01,Security Layer,Credential Stuffing Attempt,Critical,Many login attempts used leaked username and password combinations,Automated credential stuffing attack detected,Enable account lockout and block suspicious IPs
2026-06-04 10:16:15,Security Layer,Token Replay Attempt,High,Same authentication token was reused from different locations,Stolen token may be replayed by attacker,Invalidate token and review session security
2026-06-04 10:16:30,Security Layer,Permission Bypass Attempt,Critical,User attempted to call admin API without admin role,Access control check may be targeted,Block request and audit authorization rules
2026-06-04 10:16:45,Security Layer,Path Traversal Attempt,High,Request tried to access files using parent directory pattern,Malicious user attempted directory traversal,Sanitize file paths and reject suspicious input
2026-06-04 10:17:00,Security Layer,Command Injection Attempt,Critical,Request payload contained shell command pattern,Attacker attempted command injection through input field,Validate input and remove shell execution path
2026-06-04 10:17:15,Security Layer,Suspicious User Agent,Medium,Requests used known scanner user agent repeatedly,Automated scanner is probing application endpoints,Rate limit scanner and monitor activity
2026-06-04 10:17:30,Security Layer,Forbidden Endpoint Access,High,Client repeatedly requested forbidden administrative endpoint,User is scanning protected resources,Return forbidden response and alert security team
2026-06-04 10:17:45,Security Layer,Secret Exposure Detected,Critical,Application log contained private access token,Secret was accidentally printed to logs,Rotate secret and remove sensitive log output
2026-06-04 10:18:00,Security Layer,Failed MFA Verification,High,Multiple MFA verification failures occurred for same account,Account may be under takeover attempt,Lock account temporarily and notify user
2026-06-04 10:18:15,Security Layer,Suspicious File Upload,High,Uploaded file extension did not match detected file type,User uploaded potentially malicious file,Scan file and reject unsafe content
2026-06-04 10:18:30,Security Layer,Invalid OAuth State,High,OAuth callback rejected because state parameter was invalid,Possible CSRF attack against OAuth flow,Reject callback and verify OAuth state handling
2026-06-04 10:18:45,Security Layer,Excessive Permission Request,Medium,API client requested broader permissions than allowed,Client may be misconfigured or malicious,Limit scope and review OAuth consent settings
2026-06-04 10:19:00,Security Layer,IP Reputation Alert,High,Request originated from IP with malicious reputation,Known malicious IP attempted access,Block IP and monitor related requests
2026-06-04 10:19:15,Security Layer,Admin Login From New Location,High,Admin account logged in from unusual location,Possible account compromise or legitimate travel,Require step up authentication and notify admin
2026-06-04 10:19:30,Security Layer,Excessive Password Reset Requests,Medium,Many password reset requests were sent for same user,Potential account harassment or takeover attempt,Throttle reset requests and alert user

2026-06-04 10:20:01,Cache Layer,Redis Eviction Spike,Medium,Redis evicted many keys during traffic spike,Cache memory limit reached under load,Increase memory or adjust eviction policy
2026-06-04 10:20:15,Cache Layer,Cache Key Collision,High,Two different users received same cached response,Cache key does not include user specific context,Fix cache key design and purge affected keys
2026-06-04 10:20:30,Cache Layer,Redis Cluster Failover,High,Redis cluster switched master node during request processing,Redis primary node failed or network partition occurred,Check Redis cluster health and failover logs
2026-06-04 10:20:45,Cache Layer,TTL Misconfiguration,Medium,Cached product availability expired too late after stock update,Cache TTL is longer than business requirement,Reduce TTL and invalidate cache on stock changes
2026-06-04 10:21:00,Cache Layer,Cache Warmup Failed,Medium,Application started without preloading frequently used cache keys,Cache warmup job failed during deployment,Retry cache warmup and monitor cache hit ratio
2026-06-04 10:21:15,Cache Layer,Redis Authentication Failed,High,Application failed to authenticate to Redis server,Redis password or secret is wrong,Verify Redis credentials and environment variables
2026-06-04 10:21:30,Cache Layer,Cache Serialization Mismatch,Medium,Cached object could not be read after application deployment,Object schema changed between application versions,Invalidate old cache entries after deployment
2026-06-04 10:21:45,Cache Layer,Cache Hot Key,Medium,Single cache key received extremely high traffic,Popular key created load concentration,Apply local caching or split hot key strategy
2026-06-04 10:22:00,Cache Layer,Redis Slow Command,Medium,Redis command took longer than expected during session lookup,Inefficient Redis command or large key structure detected,Review Redis slow log and optimize commands
2026-06-04 10:22:15,Cache Layer,Distributed Lock Timeout,High,Cache based distributed lock could not be acquired,Another process is holding lock too long,Inspect lock release logic and timeout settings
2026-06-04 10:22:30,Cache Layer,Session Store Unavailable,High,Users were logged out because session store was unavailable,Redis session backend is down or unreachable,Restore Redis and consider fallback session storage
2026-06-04 10:22:45,Cache Layer,Cache Penetration,Medium,Many requests queried missing keys and bypassed cache,Invalid requests are hitting database directly,Cache negative lookups and validate inputs
2026-06-04 10:23:00,Cache Layer,Cache Refresh Failure,High,Background cache refresh job failed for popular products,Worker error prevented cache update,Restart worker and retry refresh job
2026-06-04 10:23:15,Cache Layer,Redis Persistence Error,High,Redis failed to persist snapshot to disk,Redis storage path is full or permission denied,Check Redis persistence settings and disk permissions
2026-06-04 10:23:30,Cache Layer,Cache Inconsistency,Medium,Different application nodes returned different cached values,Cache replication delay or local cache inconsistency,Clear inconsistent cache and review replication

2026-06-04 10:24:01,External Service Layer,Payment Provider Unavailable,High,Checkout failed because payment provider was unreachable,External payment provider outage occurred,Activate retry policy and check provider status
2026-06-04 10:24:15,External Service Layer,Shipping API Timeout,Medium,Shipping rate calculation timed out during checkout,External shipping service responded too slowly,Retry request and use fallback shipping rate
2026-06-04 10:24:30,External Service Layer,Email Provider Rate Limit,Medium,Email provider rejected notification due to quota limit,Application exceeded email sending quota,Backoff sending and increase provider quota
2026-06-04 10:24:45,External Service Layer,SMS Delivery Delay,Medium,Verification SMS was delayed for multiple users,SMS provider queue is delayed,Retry SMS or offer alternative verification
2026-06-04 10:25:00,External Service Layer,OAuth Token Exchange Failed,High,OAuth provider rejected authorization code exchange,OAuth client secret or redirect URI is invalid,Verify OAuth credentials and redirect settings
2026-06-04 10:25:15,External Service Layer,Cloud Storage Permission Denied,High,Application failed to upload invoice to cloud storage,Storage bucket permission is missing,Update bucket policy and service account permissions
2026-06-04 10:25:30,External Service Layer,Third Party Schema Change,Medium,External API response no longer matched expected schema,Provider changed response format without notice,Update parser and add contract validation
2026-06-04 10:25:45,External Service Layer,Webhook Signature Invalid,High,Webhook request failed signature verification,Webhook secret mismatch or forged request detected,Verify webhook secret and reject invalid request
2026-06-04 10:26:00,External Service Layer,Map Service Error,Medium,Address validation failed because map service returned error,External map API is degraded or quota exceeded,Check map provider status and fallback validation
2026-06-04 10:26:15,External Service Layer,Search Provider Failure,Medium,Product search failed because external search provider was unavailable,Managed search service outage occurred,Use fallback database search and retry indexing
2026-06-04 10:26:30,External Service Layer,Exchange Rate API Failure,Medium,Currency conversion failed during international checkout,Exchange rate provider returned invalid response,Use cached exchange rate and retry provider
2026-06-04 10:26:45,External Service Layer,CRM Integration Failed,Medium,Customer profile sync to CRM failed after registration,CRM API returned validation error,Store sync job and retry after correcting payload
2026-06-04 10:27:00,External Service Layer,Fraud Detection API Timeout,High,Payment flow waited too long for fraud detection response,Fraud provider is slow or unavailable,Apply fallback risk policy and retry asynchronously
2026-06-04 10:27:15,External Service Layer,Analytics API Rejected Event,Low,User event could not be sent to analytics provider,Event payload does not match provider schema,Fix analytics event schema and retry later
2026-06-04 10:27:30,External Service Layer,Push Notification Provider Failed,Medium,Mobile push notification could not be delivered,Push provider rejected message or token expired,Validate device token and retry notification
